{
  "timestamp": 1757787933.0384972,
  "system_benchmarks": {
    "cpu": {
      "cpu_benchmark_time": 0.035021066665649414,
      "cpu_count": 16,
      "cpu_count_logical": 16,
      "cpu_freq": 4664.3693125
    },
    "memory": {
      "memory_benchmark_time": 0.04971122741699219,
      "total_memory": 67010248704,
      "available_memory": 59263037440
    },
    "disk": {
      "disk_write_time": 0.0034635066986083984,
      "disk_read_time": 0.0007367134094238281
    },
    "gpu": {
      "gpu_available": true,
      "gpu_count": 2,
      "gpu_name": "Radeon RX 7900 XTX"
    }
  },
  "ml_benchmarks": {
    "matrix_multiplication": {
      "matrix_mult_time": 5.91278076171875e-05,
      "device": "cuda",
      "matrix_size": 1024
    },
    "convolution": {
      "conv_time": 0.0005967617034912109,
      "device": "cuda",
      "input_shape": [
        1,
        3,
        224,
        224
      ],
      "output_shape": [
        1,
        64,
        224,
        224
      ]
    },
    "memory_transfer": {
      "memory_transfer_time": 0.8561146259307861,
      "data_size_mb": 400.0
    }
  }
}